﻿<parameters>
  <parameter name="IIS Web Application Name" defaultValue="Default Web Site/NEST_deploy" tags="IisApp">
    <parameterEntry kind="ProviderPath" scope="IisApp" match="^C:\\VisualStudioProjects\\Source\\ANWTLF\\ANWTLF\\NEST\\obj\\Debug\\Package\\PackageTmp$" />
    <parameterEntry kind="ProviderPath" scope="setAcl" match="^C:\\VisualStudioProjects\\Source\\ANWTLF\\ANWTLF\\NEST\\obj\\Debug\\Package\\PackageTmp$" />
  </parameter>
  <parameter name="Add write permission to App_Data Folder" description="Add write permission to App_Data folder" defaultValue="{IIS Web Application Name}/App_Data" tags="Hidden">
    <parameterEntry kind="ProviderPath" scope="setAcl" match="^C:\\VisualStudioProjects\\Source\\ANWTLF\\ANWTLF\\NEST\\obj\\Debug\\Package\\PackageTmp\\App_Data$" />
  </parameter>
  <parameter name="ApplicationServices-Web.config Connection String" description="ApplicationServices Connection String used in web.config by the application to access the database." defaultValue="Server=demojail.com;Database=ANWTLF;User ID=rer; Password=Sh0kma!" tags="SqlConnectionString">
    <parameterEntry kind="XmlFile" scope="obj\\Debug\\Package\\PackageTmp\\Web\.config$" match="/configuration/connectionStrings/add[@name='ApplicationServices']/@connectionString" />
  </parameter>
  <parameter name="NESTV1Entities-Web.config Connection String" description="NESTV1Entities Connection String used in web.config by the application to access the database." defaultValue="metadata=res://*/Models.NESTMaster.csdl|res://*/Models.NESTMaster.ssdl|res://*/Models.NESTMaster.msl;provider=System.Data.SqlClient;provider connection string=&quot;data source=demojail.com;initial catalog=ANWTLF;persist security info=True;user id=rer;password=Sh0kma!;multipleactiveresultsets=True;App=EntityFramework&quot;" tags="SqlConnectionString">
    <parameterEntry kind="XmlFile" scope="obj\\Debug\\Package\\PackageTmp\\Web\.config$" match="/configuration/connectionStrings/add[@name='NESTV1Entities']/@connectionString" />
  </parameter>
</parameters>